id;strength;dexterity;stamina;charisma;appearance;leadership;intelligence;reasoning;perception;will;hp;x;y
1;5;4;1;4;1;1;5;2;1;8;7;0.4159081930469043;0.5565975093131919
2;2;3;1;3;4;3;2;2;4;10;7;0.1423269785107547;0.7395980472893807
3;2;2;4;4;4;2;1;1;4;9;7;0.7952610836208557;0.29689768969910924
4;2;1;3;3;5;2;5;2;1;6;7;0.19847755214073837;0.2510355394347451
5;4;1;1;5;4;1;3;2;3;10;7;0.18548914956995188;0.18868419561977234
id;x;y
11;0.27526096172188785;0.14302179890183875
