id;strength;dexterity;stamina;charisma;appearance;leadership;intelligence;reasoning;perception;will;hp;x;y
1;2;4;2;4;4;2;3;2;1;10;7;0.8156507401986273;0.41326019912205136
2;5;3;2;1;5;2;3;2;1;6;7;0.17224502406029596;0.6148883563790885
3;3;2;1;1;4;5;4;1;3;5;7;0.4147258808238018;0.5491183853285301
4;3;3;4;1;2;5;4;1;1;5;7;0.6569558556264189;0.9236364740194941
5;3;3;2;4;5;1;3;2;1;8;7;0.3514585996317705;0.7836655107056975
id;x;y
56;0.36288273434016693;0.9403737156500233
57;0.39038279992214464;0.23811900004021624
