apts;hp;floors;groundArea;matter;value;x;y;temperature
1.0;16.0;5.0;88.0;1.0;5.0;0.020267269894020612;0.17716427727430695;1.0
1.0;12.0;4.0;83.0;2.0;32.0;0.3035200985385469;0.8280245628467309;4.0
