id;temperature;matter;floors;damage;groundArea;apartmentsPerFloor;buildingHP;x;y
6;INFERNO;REINFORCED_CONCRETE;4;SEVERE;215;4;24;0.8817157632315947;0.900393969341382
7;WARM;STEEL_FRAME_HOUSE;5;SEVERE;88;1;16;0.020267269894020612;0.17716427727430695
8;WARM;REINFORCED_CONCRETE;3;SEVERE;132;2;14;0.8057468266076194;0.8807447448659342
9;INFERNO;WOODEN_HOUSE;1;SEVERE;50;1;11;0.9782988742156911;0.5834988701261821
10;INFERNO;REINFORCED_CONCRETE;4;SEVERE;83;1;12;0.3035200985385469;0.8280245628467309
