id;strength;dexterity;stamina;charisma;appearance;leadership;intelligence;reasoning;perception;will;hp;x;y
1;5;1;2;5;3;2;2;1;3;8;7;0.1915778070377645;0.41845422890421635
2;3;2;3;4;1;1;5;4;1;8;7;0.34407220179456843;0.4570597742666389
3;3;2;1;2;5;3;5;2;1;6;7;0.6181873277895437;0.38472640974038386
4;1;3;2;1;4;3;2;5;3;5;7;6.452096787998851E-4;0.1812332821430046
5;3;2;3;1;1;4;4;5;1;8;7;0.6667222915490318;0.2232452388021463
id;x;y
56;0.2194860025350046;0.9167244659869487
57;0.09359892569693384;0.28781061150991294
